Customer,Address,Phone,Personnummer,BankAccount
Sofie Ibrahim,"Ängsvägen 03, 14010 Gävle",061-608 60 88,400118-5901,SE8902EPWK73250364544965
Sofie Ibrahim,"Ängsvägen 03, 14010 Gävle",061-608 60 88,400118-5901,SE8902IDSK51225196610969
Maria Lund,"Idrottsgatan 29, 95515 Eskilstuna",011-396 09 07,960709-2138,SE8902XPHQ15953762308017
Maria Lund,"Idrottsgatan 29, 95515 Eskilstuna",011-396 09 07,960709-2138,SE8902VBHN50052224387585
Camilla Johansson,"Åkertorget 069, 39757 Motala",0861-196 16,940125-0585,SE8902IQRO13056391101908
Hanna Hassan,"Villavägen 3, 86247 Kristianstad",037-883 90 90,410710-9094,SE8902GXLB05514229654020
Hanna Hassan,"Villavägen 3, 86247 Kristianstad",037-883 90 90,410710-9094,SE8902KWAF90270853352878
Hanna Hassan,"Villavägen 3, 86247 Kristianstad",037-883 90 90,410710-9094,SE8902MLNA56994057710583
Hanna Hassan,"Villavägen 3, 86247 Kristianstad",037-883 90 90,410710-9094,SE8902JIJC96071565969922
Lova Sundberg-Olsson,"Storstigen 811, 77717 Kristianstad",096-473 28 15,970509-1354,SE8902BWXT39949824641151
Lova Sundberg-Olsson,"Storstigen 811, 77717 Kristianstad",096-473 28 15,970509-1354,SE8902TKNC87869236455689
Lova Sundberg-Olsson,"Storstigen 811, 77717 Kristianstad",096-473 28 15,970509-1354,SE8902PSRJ65756431691707
Anna Rosenberg,"Ekgatan 995, 22276 Östersund",024-65 61 12,460430-5393,SE8902SILE68578227700598
Anna Rosenberg,"Ekgatan 995, 22276 Östersund",024-65 61 12,460430-5393,SE8902UTKP18439002370878
Anna Rosenberg,"Ekgatan 995, 22276 Östersund",024-65 61 12,460430-5393,SE8902HQID54921038055598
Mary Persson,"Järnvägsstigen 4, 45736 Östersund",08-921 70 79,650907-0865,SE8902ZWKL91581622045409
Mary Persson,"Järnvägsstigen 4, 45736 Östersund",08-921 70 79,650907-0865,SE8902NHEC01255630352421
Stina Jansson,"Björkgatan 6, 17233 Mölndal",0829-327 34,970320-1955,SE8902HRZI51889347255465
Stina Jansson,"Björkgatan 6, 17233 Mölndal",0829-327 34,970320-1955,SE8902AVQC54172602808950
Mari Granath Åkesson,"Ringvägen 046, 63456 Karlstad",08-764 060 43,390120-3251,SE8902YHDH55973704252760
Mari Granath Åkesson,"Ringvägen 046, 63456 Karlstad",08-764 060 43,390120-3251,SE8902BABM26306156053804
Mari Granath Åkesson,"Ringvägen 046, 63456 Karlstad",08-764 060 43,390120-3251,SE8902UNAU13611272599268
Kerstin Andersson,"Kyrkgatan 214, 41710 Landskrona",018-68 77 32,890713-4053,SE8902JFQL02168511886094
Kerstin Andersson,"Kyrkgatan 214, 41710 Landskrona",018-68 77 32,890713-4053,SE8902COVG23577172278709
Kerstin Andersson,"Kyrkgatan 214, 41710 Landskrona",018-68 77 32,890713-4053,SE8902HWHC81157429988113
Maria Eklund,"Strandgatan 860, 99872 Mölndal",062-56 88 13,410316-8359,SE8902IDYW61560887680926
Amanda Lundgren,"Parktorget 58, 26034 Mölndal",08-115 654 00,540225-7553,SE8902VBXW33852287376238
Margareta Eriksson,"Parkgatan 083, 83788 Göteborg",091-978 15 65,860806-5499,SE8902PLTU47854504283727
Anna Andersson,"Ringstigen 91, 55006 Varberg",08-11 67 41,551226-2535,SE8902QBPI92232356394837
Anna Andersson,"Ringstigen 91, 55006 Varberg",08-11 67 41,551226-2535,SE8902NPMZ64718534936104
Laila Fransson Hedlund,"Åkertorget 022, 19742 Lidköping",067-40 00 26,960812-8352,SE8902ERJA13877835143324
Agnes Karlsson,"Stationstorget 867, 86539 Skövde",031-61 94 36,491206-5150,SE8902OKVE09579666832306
Elsa Svensson,"Björkgränd 34, 11776 Umeå",08-80 24 81,920430-0215,SE8902BPMW61406251979814
Elsa Svensson,"Björkgränd 34, 11776 Umeå",08-80 24 81,920430-0215,SE8902YLGE04073464233597
Kristina Åström,"Ängsgränd 76, 38179 Uddevalla",0684-865 67,590612-4861,SE8902TCZL47145018856917
Gunnel Pettersson,"Trädgårdsgatan 84, 30993 Malmö",0400-369 09,680414-8994,SE8902ZNRZ32368916134263
Gunnel Pettersson,"Trädgårdsgatan 84, 30993 Malmö",0400-369 09,680414-8994,SE8902WSHS28438837480311
Cecilia Ottosson Lindblom,"Fabrikstorget 009, 16221 Trollhättan",062-619 00 20,680912-5039,SE8902OLFT37200388827050
Cecilia Ottosson Lindblom,"Fabrikstorget 009, 16221 Trollhättan",062-619 00 20,680912-5039,SE8902JQHT00463203687003
Cecilia Ottosson Lindblom,"Fabrikstorget 009, 16221 Trollhättan",062-619 00 20,680912-5039,SE8902IIVG09252145366202
Ester Ekelund,"Åkergatan 231, 83376 Norrköping",08-83 48 04,380518-3252,SE8902EYGF77551822415743
Erika Wiberg Nilsson,"Stortorget 8, 83044 Östersund",019-396 62 36,690811-8372,SE8902YVWX44120455116841
Erika Wiberg Nilsson,"Stortorget 8, 83044 Östersund",019-396 62 36,690811-8372,SE8902DQWP79606697709694
Erika Wiberg Nilsson,"Stortorget 8, 83044 Östersund",019-396 62 36,690811-8372,SE8902XXCG81260198384509
Edit Ahlström-Samuelsson,"Skolvägen 425, 75756 Växjö",08-190 01 56,040605-9147,SE8902UTYY22254486734176
Madeleine Larsson Lundström,"Trädgårdsstigen 574, 45955 Malmö",08-44 41 50,950821-8626,SE8902EWZR85142291879165
Ellen Nilsson,"Parkvägen 543, 51729 Falun",041-80 39 83,000807-9626,SE8902KLMT84633622382072
Ellen Nilsson,"Parkvägen 543, 51729 Falun",041-80 39 83,000807-9626,SE8902DBWG37143242474670
Maj-Britt Hagberg-Bergström,"Kvarngatan 389, 47183 Sandviken",08-696 529 01,411210-1656,SE8902MTEW80340871788369
Maj-Britt Hagberg-Bergström,"Kvarngatan 389, 47183 Sandviken",08-696 529 01,411210-1656,SE8902WSLA24954889786348
Maj-Britt Hagberg-Bergström,"Kvarngatan 389, 47183 Sandviken",08-696 529 01,411210-1656,SE8902VJHZ33855900402507
Louise Blomqvist,"Furuvägen 38, 87020 Motala",0749-82 98 86,030603-7102,SE8902GFAS09862022036004
Louise Blomqvist,"Furuvägen 38, 87020 Motala",0749-82 98 86,030603-7102,SE8902IWLJ80369151603079
Stina Larsson Andersson,"Bäckgränd 61, 45259 Nyköping",068-89 02 55,980203-2699,SE8902AORR62231578413137
Stina Larsson Andersson,"Bäckgränd 61, 45259 Nyköping",068-89 02 55,980203-2699,SE8902UOQA63786044169527
Kristina Ekman Gustafsson,"Skogsvägen 668, 13429 Skellefteå",0973-690 10,661104-6993,SE8902TJBO76009734317061
Kristina Ekman Gustafsson,"Skogsvägen 668, 13429 Skellefteå",0973-690 10,661104-6993,SE8902KIDF78947091109600
Kristina Brandt,"Industrigatan 1, 34708 Falun",0940-48 36 42,890522-1597,SE8902FUJI48043244293392
Kristina Brandt,"Industrigatan 1, 34708 Falun",0940-48 36 42,890522-1597,SE8902QPHE36884244476446
Joanna Torstensson-Svensson,"Bäckgränd 425, 11910 Karlskoga",08-900 23 32,761115-2401,SE8902RQLR53927445231063
Karin Persson,"Furutorget 513, 94184 Trelleborg",060-774 82 26,490201-7484,SE8902MMZN38846965231738
Julia Karlsson,"Grangatan 75, 60901 Sundsvall",08-288 12 87,020207-5792,SE8902WZEL99650586037049
Victoria Ek,"Skolstigen 67, 98473 Halmstad",0613-38 82 38,430330-6577,SE8902DRZG97085120488113
Victoria Ek,"Skolstigen 67, 98473 Halmstad",0613-38 82 38,430330-6577,SE8902QJSX02120298481356
Victoria Ek,"Skolstigen 67, 98473 Halmstad",0613-38 82 38,430330-6577,SE8902IMEB42197421849807
Maria Eriksson,"Villavägen 913, 50242 Motala",08-585 92 83,410918-5795,SE8902JXJJ56306612147768
Maria Eriksson,"Villavägen 913, 50242 Motala",08-585 92 83,410918-5795,SE8902AZMF62874749728667
Anna Wahlström Lundin,"Bäcktorget 44, 72114 Örnsköldsvik",0242-554 32,630412-3000,SE8902KNBO14478747094323
Anna Wahlström Lundin,"Bäcktorget 44, 72114 Örnsköldsvik",0242-554 32,630412-3000,SE8902PQTU50864263302777
Tindra Jonsson,"Nyvägen 75, 11633 Linköping",08-45 75 06,031129-0464,SE8902YUYG10929263320035
Tindra Jonsson,"Nyvägen 75, 11633 Linköping",08-45 75 06,031129-0464,SE8902LUTP25647153659821
Sandra Sjöberg,"Skolgatan 929, 43096 Malmö",057-240 86 25,560511-1326,SE8902ZDMU73833226690524
Sandra Sjöberg,"Skolgatan 929, 43096 Malmö",057-240 86 25,560511-1326,SE8902LFPB25372838213647
Alice Lundgren,"Ringvägen 76, 26134 Landskrona",08-287 19 26,980122-7878,SE8902CRWQ10550122839130
Birgitta Ståhl-Hultgren,"Fabriksvägen 6, 72388 Sundsvall",086-831 04 12,610329-4028,SE8902PVRO74801343887399
Margareta Lund,"Nygatan 6, 62937 Landskrona",08-93 24 07,540220-9521,SE8902KPIO16227949467449
Tova Gustafsson Bengtsson,"Nyvägen 622, 39305 Kristianstad",08-94 70 71,901208-9356,SE8902OZOM23207181936410
Tova Gustafsson Bengtsson,"Nyvägen 622, 39305 Kristianstad",08-94 70 71,901208-9356,SE8902NVPZ06971021222436
Tova Gustafsson Bengtsson,"Nyvägen 622, 39305 Kristianstad",08-94 70 71,901208-9356,SE8902KLVA35234334264887
Ann Nilsson,"Idrottsvägen 8, 63552 Sundsvall",0617-77 72 10,901104-3719,SE8902SNNM24012074185591
Agnes Åberg,"Åkerstigen 22, 50789 Skellefteå",08-402 255 92,841210-2173,SE8902DRXY50176432565193
Anna Dahlin Ågren,"Furugränd 88, 90312 Ängelholm",099-73 87 24,810113-7506,SE8902JPPD16064860435781
Ingrid Bäckström Persson,"Järnvägsstigen 49, 74337 Lidköping",08-80 66 76,521117-6978,SE8902FSHA42297476809642
Ingrid Bäckström Persson,"Järnvägsstigen 49, 74337 Lidköping",08-80 66 76,521117-6978,SE8902LWGY12400441776877
Maria Axelsson,"Nytorget 91, 88709 Lidköping",08-78 19 07,891101-6767,SE8902IJUF89235594362096
Maria Axelsson,"Nytorget 91, 88709 Lidköping",08-78 19 07,891101-6767,SE8902DPTT93032573974424
Birgitta Nilsson,"Idrottsvägen 51, 52369 Borås",0106-820 13,640113-3456,SE8902NZPO70353430427963
Birgitta Nilsson,"Idrottsvägen 51, 52369 Borås",0106-820 13,640113-3456,SE8902IMDH11855815032434
Birgitta Nilsson,"Idrottsvägen 51, 52369 Borås",0106-820 13,640113-3456,SE8902UITH42469834496346
Louise Wall,"Parkgatan 961, 17045 Karlstad",052-757 52 90,990215-7727,SE8902QPGW46075376024266
Maria Frank,"Åkergränd 4, 90224 Kristianstad",043-46 29 04,430815-3222,SE8902PCFD04141042982858
Sara Svensson,"Bäckvägen 7, 36384 Linköping",0531-396 71,860309-0559,SE8902POYE56306553396402
Cristina Persson,"Grantorget 4, 47164 Skövde",081-92 63 75,620626-8408,SE8902BUFN52320844378385
Margareta Olsson,"Storgränd 355, 35602 Lund",0270-57 49 29,671203-2561,SE8902VDAM04395711962652
Linnéa Ottosson,"Granstigen 1, 94751 Borås",066-158 11 23,951215-6036,SE8902DSLW17149818922650
Linnéa Ottosson,"Granstigen 1, 94751 Borås",066-158 11 23,951215-6036,SE8902MQKC26955141529313
Linnéa Ottosson,"Granstigen 1, 94751 Borås",066-158 11 23,951215-6036,SE8902XNEE54146257506129
Ylva Nilsson,"Stationstorget 1, 10349 Trollhättan",08-26 85 10,930323-2665,SE8902BXJC93392072105707
Tindra Karlsson Åkesson,"Parkstigen 76, 10347 Skövde",08-095 88 67,450531-4726,SE8902MZQD36471607948390
Tindra Karlsson Åkesson,"Parkstigen 76, 10347 Skövde",08-095 88 67,450531-4726,SE8902ZXBS27847759587560
Tindra Karlsson Åkesson,"Parkstigen 76, 10347 Skövde",08-095 88 67,450531-4726,SE8902CGGR69488718084568
Tindra Karlsson Åkesson,"Parkstigen 76, 10347 Skövde",08-095 88 67,450531-4726,SE8902LJOL22570334014589
Tina Larsson,"Genstigen 97, 72115 Lidingö",08-45 06 42,050608-5364,SE8902EPQO36893099676290
Ann-Marie Sandberg,"Fabriksstigen 316, 76177 Karlstad",08-412 63 54,750324-2856,SE8902JWPZ44810854846338
Caroline Nordström Andreasson,"Ringstigen 6, 20479 Trelleborg",08-52 80 73,540522-6134,SE8902KEUK66106098793775
Caroline Nordström Andreasson,"Ringstigen 6, 20479 Trelleborg",08-52 80 73,540522-6134,SE8902WQDY35666811304216
Caroline Nordström Andreasson,"Ringstigen 6, 20479 Trelleborg",08-52 80 73,540522-6134,SE8902IFAT25470340151750
Caroline Karlsson-Hellberg,"Nygatan 91, 83897 Landskrona",0458-20 73 86,460425-7487,SE8902CKLN78195298715336
Alexandra Olsson,"Bäckvägen 3, 43869 Helsingborg",08-976 475 21,950407-8487,SE8902OBIX76276487885565
Anita Johansson,"Industristigen 03, 40614 Göteborg",0998-74 24 80,960825-5072,SE8902EQDP30307774877765
Anita Johansson,"Industristigen 03, 40614 Göteborg",0998-74 24 80,960825-5072,SE8902YOEW30639718787528
Anita Johansson,"Industristigen 03, 40614 Göteborg",0998-74 24 80,960825-5072,SE8902CKBV64663475183727
Charlotte Engström,"Bäckgatan 8, 85966 Halmstad",08-338 060 59,910827-2437,SE8902WRAH16184147348462
Charlotte Engström,"Bäckgatan 8, 85966 Halmstad",08-338 060 59,910827-2437,SE8902BADP38378986803145
Gunvor Magnusson Öberg,"Backgatan 8, 81672 Karlskoga",08-149 618 54,841022-4763,SE8902MEJF62740560811988
Ulla Melin,"Aspvägen 0, 37416 Trollhättan",0452-508 15,760413-8730,SE8902KQTT53706765844553
Ulla Melin,"Aspvägen 0, 37416 Trollhättan",0452-508 15,760413-8730,SE8902IGKY05275707479128
Ulrika Larsson,"Skolvägen 98, 40809 Borlänge",0141-431 54,681010-5228,SE8902ZJLO95363862694613
Ulrika Larsson,"Skolvägen 98, 40809 Borlänge",0141-431 54,681010-5228,SE8902VJEF22408425695352
Marie Lund,"Storgatan 42, 91882 Landskrona",08-877 130 48,711020-3960,SE8902QRLT89568280421783
Marie Lund,"Storgatan 42, 91882 Landskrona",08-877 130 48,711020-3960,SE8902QLUT99208994499946
Zahra Svensson-Johansson,"Grangränd 061, 36553 Nyköping",0026-601 74,400328-6996,SE8902UYWH41914146129072
Harriet Berg,"Fabriksgränd 0, 95963 Uppsala",08-731 36 88,640413-8023,SE8902UUHR56831431647978
Harriet Berg,"Fabriksgränd 0, 95963 Uppsala",08-731 36 88,640413-8023,SE8902EQYQ41081582080415
Madelene Lindgren-Carlberg,"Storvägen 702, 43717 Mölndal",0423-63 67 02,530404-5650,SE8902OQZB62959452894569
Charlotta Andersson,"Parkstigen 109, 21904 Mölndal",08-364 444 03,880504-5534,SE8902NSZV23305609626569
Charlotta Andersson,"Parkstigen 109, 21904 Mölndal",08-364 444 03,880504-5534,SE8902LDPN73303918695424
Edith Isaksson,"Grantorget 74, 25203 Örebro",064-619 77 99,770314-1197,SE8902XCHA19919213751955
Edith Isaksson,"Grantorget 74, 25203 Örebro",064-619 77 99,770314-1197,SE8902KXMK45343849770312
Edith Isaksson,"Grantorget 74, 25203 Örebro",064-619 77 99,770314-1197,SE8902MDRR93436036363613
Ann-Sofie Berggren,"Stationsgränd 6, 29200 Linköping",08-993 676 74,990826-3057,SE8902SSZA54290319483676
Viola Thor Gustafsson,"Ängstorget 480, 62416 Östersund",08-171 70 84,000722-4124,SE8902OEJT81666216962345
Viola Thor Gustafsson,"Ängstorget 480, 62416 Östersund",08-171 70 84,000722-4124,SE8902ZVTV98812993474647
Viola Thor Gustafsson,"Ängstorget 480, 62416 Östersund",08-171 70 84,000722-4124,SE8902NBPA53790596412090
Alice Axelsson,"Genvägen 5, 63184 Eskilstuna",0970-64 19 50,561012-3878,SE8902VROD28357188719403
Katarina Bengtsson,"Parkgatan 58, 46109 Karlstad",08-308 85 97,460405-5261,SE8902RLHG01713064216795
Katarina Bengtsson,"Parkgatan 58, 46109 Karlstad",08-308 85 97,460405-5261,SE8902RMGJ56941789044857
Katarina Bengtsson,"Parkgatan 58, 46109 Karlstad",08-308 85 97,460405-5261,SE8902ZKUQ38316655030762
Erika Dahlberg-Nilsson,"Skolgatan 05, 70159 Örebro",08-56 04 89,510326-2258,SE8902IAZC69283036911026
Erika Dahlberg-Nilsson,"Skolgatan 05, 70159 Örebro",08-56 04 89,510326-2258,SE8902FEOU83301563734443
Olivia Malmström,"Skoltorget 549, 30393 Trelleborg",058-22 71 95,651011-9842,SE8902YQXU56366715188424
Olivia Malmström,"Skoltorget 549, 30393 Trelleborg",058-22 71 95,651011-9842,SE8902EEKT76326536417923
Olivia Malmström,"Skoltorget 549, 30393 Trelleborg",058-22 71 95,651011-9842,SE8902KZIO19030755409685
Eva Hansson,"Kyrkogatan 5, 78023 Göteborg",0596-839 38,700610-4371,SE8902KLES25420753966546
Eva Hansson,"Kyrkogatan 5, 78023 Göteborg",0596-839 38,700610-4371,SE8902HRWG83554443123395
Linnea Mattsson,"Furuvägen 8, 29484 Lund",0507-15 04 64,751014-2008,SE8902YSVI54424221824629
Barbro Granlund,"Stationsgatan 24, 16309 Varberg",08-17 28 74,980717-2268,SE8902MCFO49095808464569
Johanna Svensson,"Bäcktorget 7, 33841 Piteå",019-85 85 51,621205-8827,SE8902EJVD58777899114942
Johanna Svensson,"Bäcktorget 7, 33841 Piteå",019-85 85 51,621205-8827,SE8902CODF26383416794081
Johanna Svensson,"Bäcktorget 7, 33841 Piteå",019-85 85 51,621205-8827,SE8902VRCK66669606024532
Sigrid Holmgren,"Skolgränd 20, 46476 Ängelholm",091-298 26 01,991126-8184,SE8902MCEV93618355713025
Sigrid Holmgren,"Skolgränd 20, 46476 Ängelholm",091-298 26 01,991126-8184,SE8902BTSC01483794930785
Astrid Eriksson-Svensson,"Backgatan 7, 83837 Falun",0713-730 95,500128-9916,SE8902VXXB63484309612552
Astrid Eriksson-Svensson,"Backgatan 7, 83837 Falun",0713-730 95,500128-9916,SE8902UFZY41218181108055
Astrid Eriksson-Svensson,"Backgatan 7, 83837 Falun",0713-730 95,500128-9916,SE8902IDIO78110702344946
Astrid Eriksson-Svensson,"Backgatan 7, 83837 Falun",0713-730 95,500128-9916,SE8902WMGQ92121042977797
Malin Gustafsson,"Villavägen 242, 18096 Lidingö",08-20 44 28,501213-8391,SE8902FVFT61557043346714
Malin Gustafsson,"Villavägen 242, 18096 Lidingö",08-20 44 28,501213-8391,SE8902RNLY55461931214075
Elna Engberg,"Granstigen 1, 57983 Karlskoga",015-308 78 92,420602-4558,SE8902CFVM08634732646774
Elna Engberg,"Granstigen 1, 57983 Karlskoga",015-308 78 92,420602-4558,SE8902EJYN15169896233918
Elna Engberg,"Granstigen 1, 57983 Karlskoga",015-308 78 92,420602-4558,SE8902SICI51731283266081
Anita Andersson,"Nyvägen 46, 92586 Landskrona",0863-236 10,701113-4041,SE8902REPT13055923984909
Anita Andersson,"Nyvägen 46, 92586 Landskrona",0863-236 10,701113-4041,SE8902CFEY43701881421531
Ann-Charlotte Johnsson,"Nyvägen 51, 36077 Halmstad",08-012 24 20,020907-9359,SE8902KLRO16474013075873
Ingrid Widén-Eriksson,"Furugränd 194, 39438 Luleå",078-576 54 65,930801-0736,SE8902AZOB63571733972059
Jeanette Andersson,"Kvarnvägen 39, 21984 Varberg",049-95 49 99,680818-7006,SE8902REOE84824920257605
Jeanette Andersson,"Kvarnvägen 39, 21984 Varberg",049-95 49 99,680818-7006,SE8902GUBN02340962282734
Sonja Sandberg,"Järnvägsvägen 33, 96497 Piteå",08-770 745 63,840407-4828,SE8902UZPG07009538779616
Sonja Sandberg,"Järnvägsvägen 33, 96497 Piteå",08-770 745 63,840407-4828,SE8902GWBV65006975861231
Angelica Jensen,"Storgränd 8, 23240 Borås",08-385 759 77,590323-8250,SE8902RFKG13034824351836
Moa Karlsson Berglund,"Backgatan 483, 15924 Stockholm",08-544 561 73,390508-4368,SE8902XNTB41827621868449
Moa Karlsson Berglund,"Backgatan 483, 15924 Stockholm",08-544 561 73,390508-4368,SE8902HHSO58247661775142
Marie Pettersson-Pettersson,"Villastigen 5, 82510 Trelleborg",091-739 52 93,590618-9138,SE8902JYDD80497877012989
Lina Fredriksson,"Villagatan 74, 84144 Jönköping",08-379 731 39,490730-0612,SE8902EBQG46394645816502
Inga Jönsson,"Björkstigen 8, 68132 Piteå",08-838 114 97,961003-4705,SE8902FEUM16554377486070
Ahmed Gustafsson,"Stationsgatan 18, 33938 Skellefteå",022-437 72 07,990316-2809,SE8902VBBU70773188294633
Kajsa Olsson,"Ängsgränd 9, 83593 Piteå",08-299 96 24,040530-8834,SE8902RCMN64982980569854
Katarina Ali,"Trädgårdsstigen 8, 75689 Borås",0267-664 02,521030-3250,SE8902EJAI99151957237924
Lovisa Eriksson-Lindfors,"Skogsvägen 054, 62496 Skellefteå",08-689 577 69,030803-2572,SE8902XYRM52103884724966
Leia Pettersson,"Stationsgatan 79, 61611 Borlänge",060-97 37 11,740122-1705,SE8902OUYV90192199566077
Leia Pettersson,"Stationsgatan 79, 61611 Borlänge",060-97 37 11,740122-1705,SE8902SPLV55493875690484
Leia Pettersson,"Stationsgatan 79, 61611 Borlänge",060-97 37 11,740122-1705,SE8902LOKN91099936771965
Caroline Sjölander,"Industritorget 68, 59779 Skellefteå",0080-904 34,941120-4879,SE8902QIDW01871973556269
Irma Johansson,"Villagatan 15, 74856 Östersund",08-076 117 04,011120-7973,SE8902WDJE85359881297343
Inger Malmqvist,"Åkervägen 70, 22349 Malmö",08-55 31 39,621117-4120,SE8902JLFC48207582147190
Inger Malmqvist,"Åkervägen 70, 22349 Malmö",08-55 31 39,621117-4120,SE8902DGOU52251724210139
Ellinor Ahmad,"Villavägen 0, 30444 Linköping",043-88 12 54,600828-3746,SE8902KCJU30225323097413
Linn Hansson,"Skolvägen 19, 96151 Uddevalla",0664-695 56,570120-3019,SE8902UDAI89693707440786
Linn Hansson,"Skolvägen 19, 96151 Uddevalla",0664-695 56,570120-3019,SE8902LXEY88372509516456
Linn Hansson,"Skolvägen 19, 96151 Uddevalla",0664-695 56,570120-3019,SE8902XVJQ62588665096343
Linn Hansson,"Skolvägen 19, 96151 Uddevalla",0664-695 56,570120-3019,SE8902PEJL40222448009128
Doris Carlsson,"Genvägen 3, 64307 Lidköping",08-87 48 98,451223-3471,SE8902LACW59549122762926
Doris Carlsson,"Genvägen 3, 64307 Lidköping",08-87 48 98,451223-3471,SE8902OGIR23428207822800
Jennie Arvidsson,"Industrigatan 0, 94230 Uppsala",08-512 994 46,631111-4174,SE8902QXXL08650991961519
Jennie Arvidsson,"Industrigatan 0, 94230 Uppsala",08-512 994 46,631111-4174,SE8902GQAD77323256759071
Lina Blomkvist Helgesson,"Gengatan 77, 33143 Karlstad",08-655 659 47,741011-0774,SE8902KMRD06713970744337
Susanne Sjögren,"Kyrkstigen 110, 45010 Uppsala",067-73 91 68,631020-2814,SE8902APMC92937900903172
Therese Johansson,"Granstigen 7, 60793 Malmö",068-24 32 44,821220-2496,SE8902LNZG09887297010450
Sigrid Samuelsson,"Villavägen 91, 64912 Skellefteå",08-059 34 92,390220-2948,SE8902MJJU05220306140238
Betty Persson,"Industrigatan 5, 20812 Halmstad",0593-957 96,021116-3951,SE8902IRET80983872349375
Joanna Andersson Johnson,"Granvägen 607, 49675 Lidingö",0667-12 49 39,510203-9111,SE8902RFND18240718616184
Gertrud Wahlberg,"Furugatan 90, 67459 Helsingborg",08-24 02 83,931224-0071,SE8902XNSP62301861969649
Gertrud Wahlberg,"Furugatan 90, 67459 Helsingborg",08-24 02 83,931224-0071,SE8902NOMU53996442028881
Ulrika Blixt,"Ekgatan 32, 29235 Lidköping",0229-016 16,750512-8194,SE8902BLNY30650799297988
Ulrika Blixt,"Ekgatan 32, 29235 Lidköping",0229-016 16,750512-8194,SE8902RCMP67198715313709
Sonia Jakobsson,"Industritorget 02, 18923 Luleå",0467-32 92 96,351214-1205,SE8902BCJH45677202414984
Sonia Jakobsson,"Industritorget 02, 18923 Luleå",0467-32 92 96,351214-1205,SE8902JOAA73203338391811
Ingegerd Ottosson,"Kvarnstigen 03, 21996 Falun",0308-344 95,531114-5873,SE8902PTQI05277402468840
Christina Jansson Boman,"Nytorget 92, 27093 Eskilstuna",0852-52 70 40,760604-4704,SE8902VCGO21843909614852
Angelina Eriksson Larsson,"Kyrkvägen 966, 81708 Trollhättan",065-883 42 36,650728-3643,SE8902DDDT67161166312580
Angelina Eriksson Larsson,"Kyrkvägen 966, 81708 Trollhättan",065-883 42 36,650728-3643,SE8902ASEU46374988626527
Olivia Persson,"Storstigen 58, 40650 Borås",0181-221 53,791120-5644,SE8902OUGZ49389646387563
Nathalie Andersson,"Bäckgränd 45, 81928 Gävle",08-444 474 89,670901-4283,SE8902XMSF03346539893576
Katarina Andersson,"Skolgränd 0, 64691 Södertälje",08-945 741 89,970816-9066,SE8902ATDH36917846037146
Katarina Andersson,"Skolgränd 0, 64691 Södertälje",08-945 741 89,970816-9066,SE8902ECCJ86383227351359
Katarina Andersson,"Skolgränd 0, 64691 Södertälje",08-945 741 89,970816-9066,SE8902GVHN92964423897611
Inger Malmgren Ali,"Backvägen 08, 14858 Västerås",023-724 86 20,530822-3378,SE8902PBJH90393502972632
Lillemor Lindfors Nyman,"Björkvägen 1, 19711 Varberg",0441-052 61,940413-2103,SE8902TURO07496760761316
Kristin Nilsson,"Järnvägstorget 8, 75638 Karlstad",0794-340 79,490116-1465,SE8902FQVQ38132937638029
Anette Eriksson,"Furuvägen 58, 40118 Malmö",031-916 32 86,421117-8456,SE8902HAYZ30931717835549
Katarina Pedersen,"Industristigen 524, 87918 Alingsås",093-477 43 08,050405-2614,SE8902TCZM12187781824588
Katarina Pedersen,"Industristigen 524, 87918 Alingsås",093-477 43 08,050405-2614,SE8902JUBX10521679094085
Selma Lilja,"Ekgatan 8, 48275 Falun",08-569 84 29,390526-2642,SE8902IASU37111569398010
Selma Lilja,"Ekgatan 8, 48275 Falun",08-569 84 29,390526-2642,SE8902FGIY23117081354016
Selma Lilja,"Ekgatan 8, 48275 Falun",08-569 84 29,390526-2642,SE8902KLNQ25617997709976
Agneta Ahmed,"Skoltorget 540, 31601 Alingsås",0995-70 41 98,671006-6009,SE8902GYOU97729788286246
Katarina Nilsson,"Nyvägen 07, 78590 Norrköping",0467-87 80 41,060925-9098,SE8902IXLN09147641003463
Katarina Nilsson,"Nyvägen 07, 78590 Norrköping",0467-87 80 41,060925-9098,SE8902WQME16820619653293
Katarina Nilsson,"Nyvägen 07, 78590 Norrköping",0467-87 80 41,060925-9098,SE8902KSGB25510595835295
Angelina Lindholm,"Ängsstigen 21, 35411 Västerås",0625-87 26 92,860106-4812,SE8902ZKCR38556369708361
Kerstin Lundqvist,"Åkergatan 0, 47104 Halmstad",073-31 47 00,980111-2799,SE8902RBSV68895772780848
Lilly Dahl,"Gentorget 72, 53184 Göteborg",08-838 11 67,890624-2840,SE8902TDWF15245617438533
Lilly Dahl,"Gentorget 72, 53184 Göteborg",08-838 11 67,890624-2840,SE8902OSPT65036097285857
Lilly Dahl,"Gentorget 72, 53184 Göteborg",08-838 11 67,890624-2840,SE8902ANWR22887008474492
Maryam Karlsson,"Industrigränd 09, 76811 Jönköping",037-11 80 03,380917-9272,SE8902XJAN35723200835220
Maryam Karlsson,"Industrigränd 09, 76811 Jönköping",037-11 80 03,380917-9272,SE8902FCJT75375914520219
Anna Jonasson,"Nytorget 1, 48773 Piteå",08-10 30 17,710111-6791,SE8902EUHG64782205847802
Anna Jonasson,"Nytorget 1, 48773 Piteå",08-10 30 17,710111-6791,SE8902VPUI15502095985231
Anna Jonasson,"Nytorget 1, 48773 Piteå",08-10 30 17,710111-6791,SE8902JFLG01724285840236
Anna Jonasson,"Nytorget 1, 48773 Piteå",08-10 30 17,710111-6791,SE8902IDDI95912852862700
Anna Jonasson,"Nytorget 1, 48773 Piteå",08-10 30 17,710111-6791,SE8902YCCU23582343543594
Anna Jonasson,"Nytorget 1, 48773 Piteå",08-10 30 17,710111-6791,SE8902HADZ94831371615319
Ebba Åkesson,"Kvarntorget 48, 37424 Ängelholm",083-00 14 12,630729-3644,SE8902JVFU12272732120946
Kristina Olsson,"Parkgatan 1, 28574 Sundsvall",0989-27 66 73,760406-5404,SE8902LYRU49405628277247
Sarah Andersson,"Nystigen 0, 12397 Östersund",08-130 729 78,420430-8151,SE8902TTXT03943566438167
Sarah Andersson,"Nystigen 0, 12397 Östersund",08-130 729 78,420430-8151,SE8902BTKI53390685216432
Julia Jonasson,"Trädgårdsvägen 277, 45472 Linköping",08-40 93 07,530921-2867,SE8902XBIN60287954526260
Åsa Källström-Edström,"Ringvägen 474, 22370 Malmö",08-22 06 88,670219-4314,SE8902XYVB77684435420465
Iris Bäck,"Parkstigen 37, 51276 Trollhättan",0049-114 10,470722-7825,SE8902WOTL92806947118912
Linnea Gustavsson,"Grangränd 7, 41214 Lidköping",08-710 82 20,480729-3370,SE8902KMMG56349206484127
Charlotte Werner-Olsson,"Kyrkotorget 918, 39385 Örebro",019-19 74 00,400315-1315,SE8902DPEV86073624782716
Berit Lund,"Kyrkotorget 63, 82634 Stockholm",0212-88 58 94,360719-1347,SE8902XPHP30865499209335
Berit Lund,"Kyrkotorget 63, 82634 Stockholm",0212-88 58 94,360719-1347,SE8902XTMW65537920620819
Lisbeth Jonsson-Österberg,"Storvägen 0, 55698 Östersund",0735-81 19 67,580424-2880,SE8902MEPG75869905095161
Lisbeth Jonsson-Österberg,"Storvägen 0, 55698 Östersund",0735-81 19 67,580424-2880,SE8902VWKO20169767635100
Elisabeth Vesterlund,"Storvägen 2, 84458 Lund",0102-716 60,840419-0962,SE8902SVEX40095531093926
Ester Karlsson,"Björkvägen 30, 91899 Västerås",08-241 414 77,550907-9165,SE8902EKEC92166161424949
Ester Karlsson,"Björkvägen 30, 91899 Västerås",08-241 414 77,550907-9165,SE8902KMID87590796935719
Karin Dahl,"Industrivägen 3, 30549 Skellefteå",0380-29 70 20,530830-8732,SE8902LSEC82086405777991
Elisabet Berg,"Furuvägen 380, 83778 Linköping",08-36 39 16,560806-9745,SE8902ALFN61867186946491
Elisabet Berg,"Furuvägen 380, 83778 Linköping",08-36 39 16,560806-9745,SE8902AAEJ67825986403885
Elisabet Berg,"Furuvägen 380, 83778 Linköping",08-36 39 16,560806-9745,SE8902AZXE66883467511248
Therese Lindahl-Martinsson,"Parktorget 37, 50950 Sundsvall",08-013 664 29,751230-8458,SE8902PQTC99238321979954
Therese Lindahl-Martinsson,"Parktorget 37, 50950 Sundsvall",08-013 664 29,751230-8458,SE8902LEVI44801863486814
Emma Gustafsson,"Fabriksgränd 32, 58024 Uddevalla",0283-95 25 09,010215-5330,SE8902YKLA01358484410445
Emma Gustafsson,"Fabriksgränd 32, 58024 Uddevalla",0283-95 25 09,010215-5330,SE8902EMIT82352727650511
Emma Gustafsson,"Fabriksgränd 32, 58024 Uddevalla",0283-95 25 09,010215-5330,SE8902OBNT50973876422839
Jenny Karlsson Borg,"Skogsgränd 17, 74456 Stockholm",0270-142 99,360222-0778,SE8902SEYF48760878274175
Marie Kvist Stark,"Villavägen 972, 20515 Uppsala",0334-04 73 69,410919-5562,SE8902OVTP75889092553957
Marie Kvist Stark,"Villavägen 972, 20515 Uppsala",0334-04 73 69,410919-5562,SE8902FKHJ95461624405436
Valborg Sundin,"Skolgränd 20, 33385 Växjö",074-034 96 70,930823-9459,SE8902KCYM07724798345050
Valborg Sundin,"Skolgränd 20, 33385 Växjö",074-034 96 70,930823-9459,SE8902URSV28669190464010
Valborg Sundin,"Skolgränd 20, 33385 Växjö",074-034 96 70,930823-9459,SE8902AJRJ35802643947946
Sandra Sjöström,"Nyvägen 77, 14918 Lidingö",057-75 81 16,020829-7697,SE8902KJYB05100798381483
Sandra Sjöström,"Nyvägen 77, 14918 Lidingö",057-75 81 16,020829-7697,SE8902WYLP16417283310059
Sandra Sjöström,"Nyvägen 77, 14918 Lidingö",057-75 81 16,020829-7697,SE8902STXO91790409285299
Margareta Björk,"Parktorget 227, 22450 Lidingö",0542-128 09,390106-8696,SE8902CNUK05592418774943
Margareta Björk,"Parktorget 227, 22450 Lidingö",0542-128 09,390106-8696,SE8902ZRRV53604198996393
Margareta Björk,"Parktorget 227, 22450 Lidingö",0542-128 09,390106-8696,SE8902SIKL89762687070372
Ingela Moberg,"Industritorget 96, 24007 Eskilstuna",08-463 82 96,661229-4360,SE8902IQDI59898249098467
Ingela Moberg,"Industritorget 96, 24007 Eskilstuna",08-463 82 96,661229-4360,SE8902HNLH30212836252481
Karin Blomqvist,"Björktorget 4, 48236 Örebro",08-962 638 67,450426-9301,SE8902RIDV47368265699473
Inez Andersson Henriksson,"Skolgatan 5, 66406 Västerås",08-16 82 50,881125-6802,SE8902LARY75915594710859
Inez Andersson Henriksson,"Skolgatan 5, 66406 Västerås",08-16 82 50,881125-6802,SE8902RYFQ25380828380867
Elisabeth Karlsson,"Trädgårdsstigen 97, 73873 Skellefteå",08-746 233 07,500730-9544,SE8902WOBG56284432759181
Wilma Krantz,"Storvägen 96, 10979 Kalmar",0833-042 08,410213-4998,SE8902GZKC59110904284187
Elisabet Karlsson,"Strandvägen 72, 73878 Växjö",026-017 17 49,460604-4008,SE8902HCFQ50732586147290
Yvonne Ferm,"Björkstigen 191, 89515 Karlskrona",08-52 81 94,921225-3513,SE8902IWUZ21139031383602
Yvonne Ferm,"Björkstigen 191, 89515 Karlskrona",08-52 81 94,921225-3513,SE8902DBZP90399205881070
Wilma Andersson,"Aspstigen 08, 16072 Karlskoga",0741-44 75 71,690715-3776,SE8902TKZA24932488770695
Wilma Andersson,"Aspstigen 08, 16072 Karlskoga",0741-44 75 71,690715-3776,SE8902IGWD35040860470840
Sonja Törnqvist,"Storstigen 43, 78682 Luleå",021-199 60 22,700316-2802,SE8902OEUK98732816702347
Alice Carlsson,"Ringgatan 502, 91970 Trelleborg",005-124 78 23,741111-0344,SE8902ONYK29813236113604
Lilly Martinsson Andersson,"Parktorget 11, 64739 Alingsås",08-719 022 93,720527-0692,SE8902GYZA91851265600454
My Ahmed,"Skolgatan 104, 29742 Örebro",0994-268 72,861208-3793,SE8902FPRI18674591891178
My Ahmed,"Skolgatan 104, 29742 Örebro",0994-268 72,861208-3793,SE8902UXKG57479907330381
Mona Ek,"Åkervägen 861, 22665 Västerås",057-25 36 51,821203-1432,SE8902FWHV93976568931219
Caroline Jonsson,"Kyrktorget 2, 24326 Ängelholm",061-87 15 69,420716-3587,SE8902RMLX84077931088026
Ulrika Holmström,"Gengatan 7, 85775 Södertälje",0969-879 30,651218-8118,SE8902EDDF98370611345966
Ulrika Holmström,"Gengatan 7, 85775 Södertälje",0969-879 30,651218-8118,SE8902XMAM56827677889061
Ebba Malmberg-Pettersson,"Trädgårdstorget 4, 61895 Växjö",08-387 602 30,670319-8652,SE8902ZJJF79585810673366
Maya Johansson,"Ringtorget 0, 80200 Norrköping",016-85 00 38,821214-2049,SE8902IWYC64669423845053
Maya Johansson,"Ringtorget 0, 80200 Norrköping",016-85 00 38,821214-2049,SE8902WNIP57815146708414
Maya Johansson,"Ringtorget 0, 80200 Norrköping",016-85 00 38,821214-2049,SE8902EZER13441070597944
Evy Lövgren,"Ringvägen 1, 15172 Trelleborg",08-675 070 28,611015-7465,SE8902PXCX96170096954134
Evy Lövgren,"Ringvägen 1, 15172 Trelleborg",08-675 070 28,611015-7465,SE8902LIKB41550652178852
Freja Hellström,"Ringvägen 521, 84969 Helsingborg",081-641 49 70,570924-4312,SE8902GDTV65148682209789
Mona Åkesson,"Skogsvägen 34, 51889 Östersund",08-99 81 67,030411-1388,SE8902JFUD24261264737631
Mona Åkesson,"Skogsvägen 34, 51889 Östersund",08-99 81 67,030411-1388,SE8902TRFM79815586179217
Mona Åkesson,"Skogsvägen 34, 51889 Östersund",08-99 81 67,030411-1388,SE8902EFNV74784664776562
Astrid Andersson Westberg,"Trädgårdsgatan 86, 80229 Trollhättan",034-071 52 74,920529-8475,SE8902RCRK00671714230376
Astrid Andersson Westberg,"Trädgårdsgatan 86, 80229 Trollhättan",034-071 52 74,920529-8475,SE8902LQPT91446488103734
Marie Olsen,"Kyrkgatan 1, 83212 Kristianstad",08-207 267 14,451129-2460,SE8902ZMIE92280783818806
Christina Dahl,"Parkstigen 00, 80634 Alingsås",08-385 24 29,731115-2727,SE8902PJBO20718804604298
Rut Flink,"Skolgränd 207, 64108 Uppsala",0238-95 44 93,900710-1026,SE8902RUFS60316465651336
Rut Flink,"Skolgränd 207, 64108 Uppsala",0238-95 44 93,900710-1026,SE8902BXQI23685027971551
Anna Larsson,"Ekgatan 543, 93609 Södertälje",0546-12 64 67,500117-5636,SE8902GSZH91391621188990
Helen Arvidsson,"Ekvägen 761, 82913 Ängelholm",0258-262 17,740616-6020,SE8902XEKA11659742485329
Beata Backlund,"Idrottsvägen 7, 36212 Skövde",054-73 47 68,931004-0325,SE8902MQJP11380705638246
Thea Lindquist,"Industrivägen 93, 64836 Kalmar",08-692 35 66,940210-9509,SE8902KFFK50136015318581
Thea Lindquist,"Industrivägen 93, 64836 Kalmar",08-692 35 66,940210-9509,SE8902NWBH42139231276122
Thea Lindquist,"Industrivägen 93, 64836 Kalmar",08-692 35 66,940210-9509,SE8902HHVE14882891293350
Katarina Hermansson,"Villavägen 04, 93131 Umeå",093-105 84 91,010207-2535,SE8902RLTH03632662634887
Katarina Hermansson,"Villavägen 04, 93131 Umeå",093-105 84 91,010207-2535,SE8902MYOF67830605702784
Rosa Rosengren Vikström,"Nytorget 9, 10127 Karlskrona",0201-352 83,671206-3400,SE8902BADO65968898453667
Marie Hosseini,"Stortorget 060, 79596 Jönköping",08-10 04 08,040413-9156,SE8902BIRC46206283725522
Mona Nordqvist-Jonsson,"Skogsvägen 0, 11888 Nyköping",08-375 387 43,730524-7251,SE8902YBUM91649266178467
Mona Nordqvist-Jonsson,"Skogsvägen 0, 11888 Nyköping",08-375 387 43,730524-7251,SE8902XPKO29440306068239
Mona Nordqvist-Jonsson,"Skogsvägen 0, 11888 Nyköping",08-375 387 43,730524-7251,SE8902SAUK38756106548184
Greta Arvidsson,"Kvarngatan 8, 45171 Trelleborg",08-853 66 23,530610-3549,SE8902PRHA61506657906077
Maria Nyström,"Skolgatan 6, 30071 Borås",002-864 34 55,940612-8737,SE8902FWBT85916441228504
Maria Nyström,"Skolgatan 6, 30071 Borås",002-864 34 55,940612-8737,SE8902LUYC21483942556730
Margareta Johansson,"Skolgatan 047, 97104 Östersund",0334-31 32 84,950709-3822,SE8902CKQN72795971469366
Margareta Johansson,"Skolgatan 047, 97104 Östersund",0334-31 32 84,950709-3822,SE8902TVFH53282057943154
Margareta Johansson,"Skolgatan 047, 97104 Östersund",0334-31 32 84,950709-3822,SE8902UTXQ46186994218835
Margareta Johansson,"Skolgatan 047, 97104 Östersund",0334-31 32 84,950709-3822,SE8902BCGB09402639721004
Greta Persson-Jönsson,"Åkergatan 7, 96228 Kristianstad",0227-380 10,820604-3583,SE8902QCUD22504040792723
Erika Oskarsson,"Skolvägen 01, 56393 Västerås",022-184 01 71,370902-0154,SE8902XFEK65570601507823
Kristina Hägglund,"Strandgatan 02, 52242 Lidköping",0899-18 49 15,441022-8888,SE8902CHPG90425118808478
Kristina Hägglund,"Strandgatan 02, 52242 Lidköping",0899-18 49 15,441022-8888,SE8902HXLB10149156679316
Kristina Hägglund,"Strandgatan 02, 52242 Lidköping",0899-18 49 15,441022-8888,SE8902PCFY59781759139715
Anna Ström,"Storvägen 477, 27289 Luleå",039-43 17 08,541030-7333,SE8902DJPX89629848207656
Maryam Forsberg,"Bäckgatan 8, 56136 Halmstad",08-96 76 13,841210-2538,SE8902QYUK75923058440099
Maryam Forsberg,"Bäckgatan 8, 56136 Halmstad",08-96 76 13,841210-2538,SE8902GXKS66714923613080
Agneta Lundin,"Järnvägsgatan 043, 31561 Stockholm",08-518 19 51,410404-6919,SE8902KASG36290465086408
Agneta Lundin,"Järnvägsgatan 043, 31561 Stockholm",08-518 19 51,410404-6919,SE8902FMGF16921362391617
Agneta Lundin,"Järnvägsgatan 043, 31561 Stockholm",08-518 19 51,410404-6919,SE8902SUPU22107368286746
Agneta Lundin,"Järnvägsgatan 043, 31561 Stockholm",08-518 19 51,410404-6919,SE8902CUMA73016131740531
Beatrice Wall Sjöberg,"Järnvägstorget 3, 60378 Falun",073-93 83 38,480221-2193,SE8902YULJ56180665771621
Beatrice Wall Sjöberg,"Järnvägstorget 3, 60378 Falun",073-93 83 38,480221-2193,SE8902YIXR29588609244770
Nicole Berggren,"Ängsgatan 9, 93491 Lidköping",092-358 77 72,500226-1625,SE8902SBKV17928186427622
Nicole Berggren,"Ängsgatan 9, 93491 Lidköping",092-358 77 72,500226-1625,SE8902YREH60256445948405
Nicole Berggren,"Ängsgatan 9, 93491 Lidköping",092-358 77 72,500226-1625,SE8902GZAO49226888899471
Nicole Berggren,"Ängsgatan 9, 93491 Lidköping",092-358 77 72,500226-1625,SE8902CDUU61660929189479
Marit Frisk,"Villavägen 035, 26090 Motala",088-347 15 56,800402-6905,SE8902QDDZ01493266009705
Maria Pettersson,"Villavägen 27, 57891 Örebro",08-73 08 22,770715-4147,SE8902MSKS70942503348697
Maria Pettersson,"Villavägen 27, 57891 Örebro",08-73 08 22,770715-4147,SE8902KOWL19108099243979
Inger Söderlund,"Trädgårdsvägen 8, 55663 Lund",08-577 58 56,440603-3151,SE8902UHPN71937885399066
Barbro Svensson-Hosseini,"Fabriksstigen 73, 62566 Malmö",08-092 433 08,831029-2936,SE8902KIPZ83378012088513
Barbro Svensson-Hosseini,"Fabriksstigen 73, 62566 Malmö",08-092 433 08,831029-2936,SE8902YZWC23724318974586
Barbro Svensson-Hosseini,"Fabriksstigen 73, 62566 Malmö",08-092 433 08,831029-2936,SE8902AMRJ75051497335013
Mila Larsson,"Storvägen 744, 55763 Jönköping",0340-96 99 26,070119-5604,SE8902PFUA65955298845159
Mila Larsson,"Storvägen 744, 55763 Jönköping",0340-96 99 26,070119-5604,SE8902DNVY67349092911659
Marie Karlsson,"Nyvägen 366, 29309 Eskilstuna",0670-958 06,030330-5338,SE8902NBJB19095650975525
Louise Rask,"Skolstigen 09, 96709 Varberg",08-27 66 67,460319-8310,SE8902IACG54044232519044
Louise Rask,"Skolstigen 09, 96709 Varberg",08-27 66 67,460319-8310,SE8902NKXR00859309312215
Karin Lindholm,"Ekvägen 7, 23011 Umeå",0001-31 09 83,661105-0391,SE8902PFCZ88971783919966
Karin Lindholm,"Ekvägen 7, 23011 Umeå",0001-31 09 83,661105-0391,SE8902IQAS41209315371860
Marie Ågren,"Industritorget 18, 23510 Eskilstuna",08-81 62 31,810417-8192,SE8902HEMI79004079416247
Filippa Andersson,"Furugatan 6, 92612 Stockholm",08-979 037 34,910425-0569,SE8902AOEI11888157159723
Christina Isaksson,"Åkerstigen 05, 52786 Uddevalla",08-082 204 44,501222-6584,SE8902XAJW53043482546967
Lena Eriksson,"Grangränd 9, 52169 Umeå",08-05 02 19,430822-7596,SE8902VFTG99252061459530
Lena Eriksson,"Grangränd 9, 52169 Umeå",08-05 02 19,430822-7596,SE8902XPRV76493567899496
Anneli Eriksson,"Strandgatan 9, 79201 Landskrona",099-561 86 75,880412-3118,SE8902VJMZ66585930292336
Birgitta Dahl,"Björkgränd 726, 18584 Kristianstad",08-081 730 13,470720-1630,SE8902ABDS01701364961907
Patricia Olsson,"Nygatan 1, 52368 Lund",0083-38 37 77,990131-4873,SE8902IRXN70281866292484
Patricia Olsson,"Nygatan 1, 52368 Lund",0083-38 37 77,990131-4873,SE8902ZCTK81497780781136
Patricia Olsson,"Nygatan 1, 52368 Lund",0083-38 37 77,990131-4873,SE8902TKRB93799625518098
Isabel Svensson,"Ängsgränd 5, 14171 Borlänge",073-40 17 53,520519-5133,SE8902XFYN40331665173936
Isabel Svensson,"Ängsgränd 5, 14171 Borlänge",073-40 17 53,520519-5133,SE8902VXBW13958908779060
Sofia Christensen,"Nyvägen 992, 89452 Örebro",0824-650 24,421220-9953,SE8902XBWW91028579125870
Sofia Christensen,"Nyvägen 992, 89452 Örebro",0824-650 24,421220-9953,SE8902ZFFS54641169742438
Matilda Gustafsson-Sjöberg,"Ekgränd 1, 89805 Falun",0100-703 85,680612-3284,SE8902AEAH33465529509698
Ingegerd Skoglund,"Strandvägen 04, 49503 Falun",08-825 44 86,771019-7539,SE8902WIZV49599148565208
Ingegerd Skoglund,"Strandvägen 04, 49503 Falun",08-825 44 86,771019-7539,SE8902OKGM15362718359701
Ingegerd Skoglund,"Strandvägen 04, 49503 Falun",08-825 44 86,771019-7539,SE8902IQGU69949540367787
Eva Öberg,"Kyrkvägen 6, 36868 Borlänge",077-323 72 29,870606-4063,SE8902LNQG72751750679403
Abdi Davidsson,"Bäckgränd 300, 63255 Örebro",0531-93 49 92,860506-6011,SE8902JYVV72673862515999
Elisabet Ljungberg,"Fabriksvägen 27, 86426 Varberg",08-458 541 34,470112-5371,SE8902CARL50738619229703
Anette Petersson,"Kyrkovägen 72, 51671 Örnsköldsvik",0705-261 43,780619-1628,SE8902ZMRY06748088512775
Anette Petersson,"Kyrkovägen 72, 51671 Örnsköldsvik",0705-261 43,780619-1628,SE8902DVQS82119924518238
Anette Petersson,"Kyrkovägen 72, 51671 Örnsköldsvik",0705-261 43,780619-1628,SE8902BYDD28842601202864
Anette Petersson,"Kyrkovägen 72, 51671 Örnsköldsvik",0705-261 43,780619-1628,SE8902GIHV74884246842599
Eva Klasson,"Industrivägen 1, 49486 Örebro",036-082 07 85,690918-3318,SE8902OULQ88924571915281
Jenny Nyman,"Kvarngatan 0, 45248 Skellefteå",0315-970 14,920210-4320,SE8902UBER10237927754278
Jenny Nyman,"Kvarngatan 0, 45248 Skellefteå",0315-970 14,920210-4320,SE8902KNYL13525753615170
Ella Johnsson,"Villavägen 276, 23417 Halmstad",0742-096 66,661223-2626,SE8902GFDI02146082509603
Mariann Söderlund,"Björkgränd 761, 93426 Stockholm",085-69 09 76,921013-4327,SE8902OTGT26923733226539
Annelie Sundström Ahmed,"Grangränd 6, 26459 Kalmar",08-40 20 98,050316-9872,SE8902LEIQ16043588196306
Maya Ek,"Ringvägen 5, 58870 Mölndal",0226-977 11,360220-5001,SE8902YHDH95624192716829
Maya Ek,"Ringvägen 5, 58870 Mölndal",0226-977 11,360220-5001,SE8902ENMF86033537014424
Ebba Forsell-Larsson,"Parkvägen 94, 21724 Varberg",089-536 09 11,921206-6980,SE8902UNVY51069080799808
Ebba Forsell-Larsson,"Parkvägen 94, 21724 Varberg",089-536 09 11,921206-6980,SE8902VXSM52634787408878
Lova Borgström-Wikström,"Backgatan 007, 77193 Trelleborg",0374-080 53,351031-1156,SE8902VANG86827956202560
Eva Ivarsson-Karlsson,"Trädgårdsvägen 4, 78377 Lidingö",08-42 05 88,421127-7167,SE8902QCOM51159179331018
Åsa Falk,"Kvarnvägen 22, 73238 Umeå",0295-274 23,041105-3135,SE8902AHHW25831609187762
Åsa Falk,"Kvarnvägen 22, 73238 Umeå",0295-274 23,041105-3135,SE8902BBBD92900838719471
Maria Rydén,"Furugatan 741, 10929 Gävle",08-51 80 74,851027-1458,SE8902DFIF62619409849709
Maria Rydén,"Furugatan 741, 10929 Gävle",08-51 80 74,851027-1458,SE8902OJZV87378441905395
Maria Rydén,"Furugatan 741, 10929 Gävle",08-51 80 74,851027-1458,SE8902IFOG47846578093385
Maria Rydén,"Furugatan 741, 10929 Gävle",08-51 80 74,851027-1458,SE8902XMPH01266253886729
Marianne Johansson-Johansson,"Storvägen 1, 98548 Örnsköldsvik",08-615 13 77,810924-6747,SE8902MISM30510735597086
Elisabet Brink,"Gengatan 8, 15699 Helsingborg",0182-37 77 84,491216-2650,SE8902LHXM42438714486224
Sandra Berg-Söderman,"Stationsgränd 47, 66960 Trollhättan",0617-448 58,860720-5146,SE8902YBPA06747616365238
Tina Hammarström,"Industrigatan 547, 48570 Sandviken",0552-76 95 10,970512-8305,SE8902RBPQ42858370864616
Anna Edström,"Skogsgatan 652, 25462 Lidingö",08-465 714 76,030720-9973,SE8902HFSR53083572903940
Ruth Omar,"Ängsvägen 02, 16410 Lidköping",08-06 48 61,540411-6336,SE8902JNFW68474844339506
Stella Andersson Hansson,"Fabriksgatan 87, 10703 Alingsås",08-100 15 66,660925-8436,SE8902YZWZ87858217066053
Eva Svensson,"Industrigatan 607, 67196 Lidköping",0359-88 42 42,040131-0016,SE8902GWOF13656646987338
Agneta Zhang,"Gengränd 5, 69690 Alingsås",08-51 24 96,010607-6805,SE8902NIIB74522467804955
Lina Larsson,"Nyvägen 80, 51784 Gävle",08-44 00 20,670428-7017,SE8902WFUC02168045258799
Jenny Petersson-Ottosson,"Kvarngatan 077, 50054 Uppsala",08-244 840 58,940921-4039,SE8902ALWE64418794375241
Jenny Petersson-Ottosson,"Kvarngatan 077, 50054 Uppsala",08-244 840 58,940921-4039,SE8902WJDM26526890895791
Jenny Petersson-Ottosson,"Kvarngatan 077, 50054 Uppsala",08-244 840 58,940921-4039,SE8902QLQD50953604363689
Kristina Carlsson,"Furuvägen 406, 10934 Kalmar",044-56 46 36,500318-9833,SE8902QSEZ62900642158291
Ing-Marie Wennberg,"Fabriksgränd 55, 45869 Sundsvall",070-40 14 87,361111-3899,SE8902SOSH76024453681329
Ing-Marie Wennberg,"Fabriksgränd 55, 45869 Sundsvall",070-40 14 87,361111-3899,SE8902RYJW27814189025495
Ing-Britt Sjölin,"Åkerstigen 2, 82587 Karlstad",08-283 45 79,700320-8738,SE8902UVRY16194000688254
Yasmin Nilsson,"Parkgatan 41, 14946 Södertälje",08-991 016 05,641015-5045,SE8902NNNR28386574821422
Yasmin Nilsson,"Parkgatan 41, 14946 Södertälje",08-991 016 05,641015-5045,SE8902UZYG74951512780315
Vera Andersson,"Skolgatan 8, 50948 Linköping",0396-64 00 72,441119-7330,SE8902FLMA18768060331290
Vera Andersson,"Skolgatan 8, 50948 Linköping",0396-64 00 72,441119-7330,SE8902ADKD16230449646773
Daniella Björk,"Fabrikstorget 9, 93573 Falun",097-81 48 60,430501-5853,SE8902WGFJ72090874836772
Yvonne Aronsson,"Parkstigen 15, 61628 Göteborg",08-294 68 79,950614-2836,SE8902GHSB29020078073922
Johanna Johansson,"Industrivägen 439, 22290 Halmstad",033-735 30 19,450220-3229,SE8902DRNW01025820075953
Felicia Jeppsson,"Idrottsgatan 28, 44636 Södertälje",08-18 75 45,810701-7363,SE8902OELG14968309944058
Felicia Jeppsson,"Idrottsgatan 28, 44636 Södertälje",08-18 75 45,810701-7363,SE8902YBIX02378701637177
Nina Hellström,"Villatorget 16, 18783 Örebro",0531-164 84,421205-9713,SE8902JIRN62314882418604
Margareta Hallberg Mohamed,"Åkerstigen 080, 61500 Kristianstad",024-733 95 07,900602-3726,SE8902JXAL47272008936438
Ingegärd Larsson,"Industrivägen 223, 50840 Lidköping",079-70 40 22,541201-9092,SE8902SPLA84551710891296
Laila Johansson,"Stationsgatan 6, 93606 Linköping",08-16 65 07,410406-3831,SE8902GJEV19959770508700
Ebba Andersson,"Storgränd 0, 40402 Karlskrona",0401-996 41,420211-2910,SE8902ZNHI21783939608864
Sandra Karlsson,"Backvägen 50, 24223 Kristianstad",0511-552 70,570529-2893,SE8902QVLD06706916367921
Tilde Nyberg Svensson,"Kyrkstigen 45, 99449 Västerås",08-82 51 76,890101-0481,SE8902AXQM18280403499014
Jeanette Pettersson,"Åkervägen 74, 54518 Karlstad",08-18 31 69,640207-1176,SE8902YXRL88472345282788
Linnéa Westerlund,"Industristigen 06, 92616 Piteå",083-998 46 74,011129-2405,SE8902BRIL75914384755151
Linnéa Westerlund,"Industristigen 06, 92616 Piteå",083-998 46 74,011129-2405,SE8902ZJEO82962448424927
Sofia Pettersson,"Fabriksgatan 3, 25720 Södertälje",08-790 75 50,480219-6958,SE8902MJIL81207705272655
Ahmed Brolin,"Industrivägen 2, 38219 Örnsköldsvik",072-16 65 95,651217-3912,SE8902NOXD78517742994470
Britt Svärd,"Strandgränd 13, 91904 Alingsås",08-449 03 45,380219-1373,SE8902NEKM17238713453074
Britt Svärd,"Strandgränd 13, 91904 Alingsås",08-449 03 45,380219-1373,SE8902GQAF56677712799125
Britt Svärd,"Strandgränd 13, 91904 Alingsås",08-449 03 45,380219-1373,SE8902GZKG54552009162805
Britt Svärd,"Strandgränd 13, 91904 Alingsås",08-449 03 45,380219-1373,SE8902ROXJ87709608865856
Viktoria Thorén Eriksson,"Gengatan 17, 80339 Falun",0170-96 53 74,990429-0559,SE8902AVGD46528407389614
Viktoria Thorén Eriksson,"Gengatan 17, 80339 Falun",0170-96 53 74,990429-0559,SE8902XFGN05965642065136
Lisbet Eriksson,"Granvägen 92, 61099 Lidingö",08-42 41 70,891030-3471,SE8902XUOQ37054183061149
Lisbet Eriksson,"Granvägen 92, 61099 Lidingö",08-42 41 70,891030-3471,SE8902QCNP19721394374879
Elin Blom,"Furuvägen 1, 71239 Karlskoga",0335-014 84,611223-8008,SE8902OILP02531246077432
Marina Hansson-Frisk,"Järnvägsgatan 359, 84129 Södertälje",08-340 012 92,420922-8909,SE8902PLOQ67311426466791
Britt-Marie Lundström,"Villagatan 8, 61108 Gävle",08-361 536 32,380131-5510,SE8902XSYV69131047178016
Hanna Alfredsson,"Bäckgränd 97, 77756 Helsingborg",0474-00 50 45,351123-4134,SE8902HODK85678819977506
Lovisa Persson Gunnarsson,"Skolgatan 37, 35950 Örebro",008-656 64 24,440107-5637,SE8902YIGY15689375176219
Lovisa Axelsson,"Järnvägstorget 48, 46893 Västerås",08-84 06 72,810311-0196,SE8902OWWY66208651137307
Lovisa Axelsson,"Järnvägstorget 48, 46893 Västerås",08-84 06 72,810311-0196,SE8902DGBN51946839388357
Anita Eriksson,"Industristigen 07, 36634 Lund",08-76 92 14,870206-1931,SE8902FKHS98022985303829
Anita Eriksson,"Industristigen 07, 36634 Lund",08-76 92 14,870206-1931,SE8902TMHA72646385787943
Anita Eriksson,"Industristigen 07, 36634 Lund",08-76 92 14,870206-1931,SE8902EUXF81891691396825
Britta Larsson,"Björkstigen 0, 33321 Sandviken",08-427 37 25,740618-8388,SE8902VLZY43895735167710
Britta Larsson,"Björkstigen 0, 33321 Sandviken",08-427 37 25,740618-8388,SE8902JTWL04765331104215
Johanna Friberg,"Skogsstigen 5, 81766 Ängelholm",08-875 07 77,440202-6167,SE8902SHGS62187533607069
Johanna Friberg,"Skogsstigen 5, 81766 Ängelholm",08-875 07 77,440202-6167,SE8902DHTY58610419863874
Karin Brolin,"Furugatan 939, 66421 Östersund",08-711 64 64,680714-5492,SE8902PTAF77843993668616
Karin Brolin,"Furugatan 939, 66421 Östersund",08-711 64 64,680714-5492,SE8902EHTU59069815598850
Michelle Hedberg,"Kyrkstigen 98, 50857 Uppsala",08-013 011 38,790311-4127,SE8902YMWM67923221263529
Michelle Hedberg,"Kyrkstigen 98, 50857 Uppsala",08-013 011 38,790311-4127,SE8902ZJBK03539793529686
Eva Lindberg,"Kyrkostigen 5, 24874 Lund",0614-333 18,661202-4429,SE8902YYDM63526347491057
Birgit Andersson,"Nygatan 973, 29427 Uddevalla",0686-095 29,050416-1431,SE8902CFVV30512683866714
Gisela Karlsson,"Parkstigen 831, 36385 Norrköping",0758-82 38 79,380601-5578,SE8902LHWV91263359767569
Margaretha Svensson,"Industrivägen 2, 45245 Landskrona",065-277 75 39,400518-2425,SE8902XVPE12442001326703
Margaretha Svensson,"Industrivägen 2, 45245 Landskrona",065-277 75 39,400518-2425,SE8902BQOF94784189390061
Margaretha Svensson,"Industrivägen 2, 45245 Landskrona",065-277 75 39,400518-2425,SE8902EDII68114485236045
Maria Nyström-Nilsson,"Strandtorget 253, 76902 Borlänge",0272-01 97 89,881124-5011,SE8902UGUU35326815762231
Maria Nyström-Nilsson,"Strandtorget 253, 76902 Borlänge",0272-01 97 89,881124-5011,SE8902ZECH07329184737257
Anne-Marie Westman,"Järnvägsgatan 840, 29966 Landskrona",0724-33 89 26,770916-0571,SE8902YANL80406594542262
Filippa Sjögren,"Parktorget 56, 90194 Luleå",027-722 67 23,680623-6474,SE8902CAYR28184400854269
Clara Holmström,"Ekstigen 873, 52827 Kristianstad",08-043 493 24,581102-8637,SE8902CZMN06754312018557
Maria Englund,"Industrigränd 518, 28667 Motala",08-68 33 68,710429-8620,SE8902ORRS48118816092087
Fanny Karlsson,"Skolvägen 296, 26804 Motala",087-646 67 80,761006-8749,SE8902DQYM36490908630376
Fanny Karlsson,"Skolvägen 296, 26804 Motala",087-646 67 80,761006-8749,SE8902QTON45088878513232
Fanny Karlsson,"Skolvägen 296, 26804 Motala",087-646 67 80,761006-8749,SE8902EOQK87745075861922
Mariana Lindgren,"Järnvägsgränd 469, 63725 Ängelholm",082-280 99 55,440224-9439,SE8902AIOW62956716316259
Mariana Lindgren,"Järnvägsgränd 469, 63725 Ängelholm",082-280 99 55,440224-9439,SE8902NVBN39901843446898
Mariana Lindgren,"Järnvägsgränd 469, 63725 Ängelholm",082-280 99 55,440224-9439,SE8902OSUM31787311714438
Mariana Lindgren,"Järnvägsgränd 469, 63725 Ängelholm",082-280 99 55,440224-9439,SE8902TVVW07944483518187
Marie Adolfsson,"Stationsgatan 4, 48397 Sandviken",08-180 879 00,670709-7199,SE8902GTZD12314857392944
Marie Adolfsson,"Stationsgatan 4, 48397 Sandviken",08-180 879 00,670709-7199,SE8902EWKS60852595775659
Marie Adolfsson,"Stationsgatan 4, 48397 Sandviken",08-180 879 00,670709-7199,SE8902STMW83870980133580
Marie Adolfsson,"Stationsgatan 4, 48397 Sandviken",08-180 879 00,670709-7199,SE8902VQDV44258038827151
Margareta Lundberg,"Trädgårdsvägen 3, 88821 Stockholm",0677-948 15,681002-1789,SE8902WWYX14350160073945
Margareta Lundberg,"Trädgårdsvägen 3, 88821 Stockholm",0677-948 15,681002-1789,SE8902YJGY22142109131075
Catharina Carlsson,"Järnvägsgränd 933, 52517 Trollhättan",08-16 09 50,411026-6477,SE8902YUBQ50433561046806
Catharina Carlsson,"Järnvägsgränd 933, 52517 Trollhättan",08-16 09 50,411026-6477,SE8902NLPV05101680537537
Catharina Carlsson,"Järnvägsgränd 933, 52517 Trollhättan",08-16 09 50,411026-6477,SE8902FHYM56802980847454
Amanda Håkansson Johansson,"Kvarntorget 624, 78235 Sundsvall",08-326 78 70,041204-2210,SE8902DFDE10377026495528
Valentina Lindgren,"Kvarngränd 201, 64743 Landskrona",08-408 595 43,061112-5832,SE8902OFTJ79383582820961
Margareta Andersson,"Kvarngatan 37, 31689 Uddevalla",08-67 85 81,750406-2584,SE8902HBJK93110274210203
Viktoria Franzén,"Trädgårdsstigen 79, 91004 Lidingö",0468-835 36,851019-2308,SE8902VWXK42191765114871
Viktoria Franzén,"Trädgårdsstigen 79, 91004 Lidingö",0468-835 36,851019-2308,SE8902YNEG45809952624906
Katarina Holmberg,"Nystigen 02, 77213 Skellefteå",0532-72 09 15,710609-6535,SE8902PFMB93666687080636
Katarina Holmberg,"Nystigen 02, 77213 Skellefteå",0532-72 09 15,710609-6535,SE8902GVKT62124718311587
Katarina Holmberg,"Nystigen 02, 77213 Skellefteå",0532-72 09 15,710609-6535,SE8902OEQF58082660806550
Helena Gustafsson,"Gengatan 1, 78798 Motala",052-37 27 97,700710-1087,SE8902QBVC38031274896724
Frida Nilsson,"Ängsgatan 2, 99721 Skellefteå",08-18 54 03,520328-2842,SE8902YERF08265652105112
Frida Nilsson,"Ängsgatan 2, 99721 Skellefteå",08-18 54 03,520328-2842,SE8902RENF20626970972224
Eva Eklund Andersson,"Villavägen 7, 84617 Östersund",066-08 87 36,530808-9696,SE8902ZKZE03352259811045
Eva Eklund Andersson,"Villavägen 7, 84617 Östersund",066-08 87 36,530808-9696,SE8902FUEO19973931032909
Helen Nilsson,"Skolgatan 6, 72988 Helsingborg",08-933 30 24,950814-2750,SE8902LYWY52207782370009
Helen Nilsson,"Skolgatan 6, 72988 Helsingborg",08-933 30 24,950814-2750,SE8902PUTI27368119946710
Linnea Carlsson,"Villagatan 768, 65009 Kristianstad",078-11 50 77,650218-3392,SE8902SPMV06240825225975
Linnea Carlsson,"Villagatan 768, 65009 Kristianstad",078-11 50 77,650218-3392,SE8902MAVP99765805035027
Frida Lindberg,"Fabriksgatan 209, 98750 Karlskoga",0201-11 51 68,380402-5223,SE8902MINV17334030266764
Camilla Eriksson,"Fabriksvägen 151, 59907 Trelleborg",0102-43 30 01,840828-8945,SE8902TTCV22659277900658
Eva Linde,"Idrottsvägen 0, 29487 Norrköping",08-779 59 18,640122-9411,SE8902QOLP68576231602784
Susann Gustafsson,"Trädgårdsstigen 3, 22858 Trelleborg",08-30 79 94,741222-7501,SE8902OIOG12978777374762
Susann Gustafsson,"Trädgårdsstigen 3, 22858 Trelleborg",08-30 79 94,741222-7501,SE8902ABOS54302823852209
Anna-Lena Fredriksson,"Granvägen 127, 72067 Borlänge",08-871 06 00,040814-4327,SE8902WJRN19883673497555
Anna-Lena Fredriksson,"Granvägen 127, 72067 Borlänge",08-871 06 00,040814-4327,SE8902MORC95963771559704
Felicia Nilsson,"Parkgatan 3, 97888 Helsingborg",049-28 68 76,850228-1978,SE8902XNUU38667095299418
Susanne Turesson,"Strandstigen 257, 52727 Karlskoga",08-602 597 28,620828-1441,SE8902GRHA70024737117241
Susanne Turesson,"Strandstigen 257, 52727 Karlskoga",08-602 597 28,620828-1441,SE8902NOWZ09781738609160
Susanne Turesson,"Strandstigen 257, 52727 Karlskoga",08-602 597 28,620828-1441,SE8902GJPJ21866669764448
Sonia Olsson,"Industrigränd 0, 38830 Örnsköldsvik",006-395 36 19,010602-2940,SE8902THMG75207589410634
Sonia Olsson,"Industrigränd 0, 38830 Örnsköldsvik",006-395 36 19,010602-2940,SE8902ORAT65143572227414
Karolina Blom,"Skolvägen 36, 46203 Örebro",08-484 34 06,911111-4402,SE8902PXRQ98520175302074
Karolina Blom,"Skolvägen 36, 46203 Örebro",08-484 34 06,911111-4402,SE8902RBXU00091422402190
Karolina Blom,"Skolvägen 36, 46203 Örebro",08-484 34 06,911111-4402,SE8902LFCU74107203362240
Karolina Blom,"Skolvägen 36, 46203 Örebro",08-484 34 06,911111-4402,SE8902DMTK02100815459260
Emma Ali,"Skolvägen 252, 38575 Linköping",08-49 13 26,780718-5090,SE8902CRCW34066239004922
Helena Jansson,"Strandtorget 15, 56167 Östersund",08-49 58 87,600508-9435,SE8902UGGW38274485777478
Birgitta Davidsson,"Bäckgatan 6, 56593 Umeå",08-960 13 20,860713-8024,SE8902TUFM02844898189627
Hedvig Björk,"Furustigen 10, 66568 Sandviken",0441-102 88,890419-2955,SE8902ZUBS27912610124575
Hedvig Björk,"Furustigen 10, 66568 Sandviken",0441-102 88,890419-2955,SE8902PQQA91803707968793
Linnea Johnsson,"Skolstigen 7, 67640 Skövde",08-545 452 80,470606-3262,SE8902FZSN55947389902845
Linnea Johnsson,"Skolstigen 7, 67640 Skövde",08-545 452 80,470606-3262,SE8902ARZK76217160045547
Elise Söderman,"Kvarnvägen 8, 35146 Uppsala",067-55 76 19,751005-1860,SE8902EANL33346362686121
Elise Söderman,"Kvarnvägen 8, 35146 Uppsala",067-55 76 19,751005-1860,SE8902AZSP13287899419402
Elise Söderman,"Kvarnvägen 8, 35146 Uppsala",067-55 76 19,751005-1860,SE8902RXPZ64193650870827
Elise Söderman,"Kvarnvägen 8, 35146 Uppsala",067-55 76 19,751005-1860,SE8902FKMU98532754573323
Isabelle Wahlgren,"Ängsstigen 796, 75978 Sandviken",08-49 45 14,951223-4403,SE8902ITVH26113588018628
Isabelle Wahlgren,"Ängsstigen 796, 75978 Sandviken",08-49 45 14,951223-4403,SE8902YFRV85699768159258
Margret Brandt,"Parkvägen 89, 42271 Varberg",0060-45 66 14,050623-3907,SE8902MQZJ06643246897705
Margret Brandt,"Parkvägen 89, 42271 Varberg",0060-45 66 14,050623-3907,SE8902FWCH71102712794153
Margret Brandt,"Parkvägen 89, 42271 Varberg",0060-45 66 14,050623-3907,SE8902OYAH39744900512609
Lisbet Berglund,"Industrivägen 0, 48496 Kalmar",08-330 956 83,580615-1113,SE8902XETE95068684209773
Ingrid Karlsson,"Kvarntorget 9, 53652 Halmstad",08-067 82 58,810529-0871,SE8902TZSS77431559302602
Ingrid Karlsson,"Kvarntorget 9, 53652 Halmstad",08-067 82 58,810529-0871,SE8902CYPH60544976843583
Ingrid Karlsson,"Kvarntorget 9, 53652 Halmstad",08-067 82 58,810529-0871,SE8902QYWM08226326615443
Ibrahim Andersen,"Björkgatan 0, 93073 Jönköping",0529-07 62 39,430102-8306,SE8902OYYC26878073615803
Ibrahim Andersen,"Björkgatan 0, 93073 Jönköping",0529-07 62 39,430102-8306,SE8902FNVL25969348892346
Ibrahim Andersen,"Björkgatan 0, 93073 Jönköping",0529-07 62 39,430102-8306,SE8902SPMP91486768673172
Maria Larsson,"Storgatan 8, 47019 Luleå",061-75 51 44,640716-8654,SE8902MURT68729362533248
Maria Larsson,"Storgatan 8, 47019 Luleå",061-75 51 44,640716-8654,SE8902VVUL13283946661384
Lilian Pettersson,"Parkvägen 7, 76002 Uddevalla",0636-06 55 82,970116-2787,SE8902KWRS27148391651848
Lilian Pettersson,"Parkvägen 7, 76002 Uddevalla",0636-06 55 82,970116-2787,SE8902KWSP63038857977275
Marianne Andersson,"Skogsvägen 90, 91152 Nyköping",08-023 631 05,390224-9725,SE8902KMXN52564213381947
Solveig Lindström,"Åkergatan 936, 81672 Alingsås",0854-912 22,891121-8041,SE8902HUPY67929894959123
Solveig Lindström,"Åkergatan 936, 81672 Alingsås",0854-912 22,891121-8041,SE8902JTIU30473679174736
Tuulikki Molin,"Fabriksgränd 659, 38032 Helsingborg",0501-18 81 33,820827-1828,SE8902XCIR72675281902466
Inger Svensson Andersson,"Stationsgatan 8, 75400 Uddevalla",0800-45 94 29,740830-3035,SE8902TUHD34770837374560
Sofia Lindgren,"Backstigen 4, 62258 Trelleborg",08-052 591 82,430511-1629,SE8902VSPR33562992730471
Lisa Isaksson-Johnsson,"Industrigränd 2, 87738 Malmö",082-034 86 79,470622-7867,SE8902NPHM95440604719066
Lisa Isaksson-Johnsson,"Industrigränd 2, 87738 Malmö",082-034 86 79,470622-7867,SE8902UPMV66415672183575
Engla Larsson-Öberg,"Skolgatan 2, 22915 Lidingö",053-036 84 95,440217-6293,SE8902HAHX05192939117708
Engla Larsson-Öberg,"Skolgatan 2, 22915 Lidingö",053-036 84 95,440217-6293,SE8902IETM52089049623113
Maria Erlandsson,"Kyrkgatan 4, 75077 Malmö",08-06 68 64,460524-2876,SE8902DXER23023951967280
Maria Erlandsson,"Kyrkgatan 4, 75077 Malmö",08-06 68 64,460524-2876,SE8902ZUOU40396545889546
Margareta Ågren,"Parkstigen 522, 24160 Kalmar",08-452 68 86,690718-9101,SE8902WBFK37994122017616
Margareta Ågren,"Parkstigen 522, 24160 Kalmar",08-452 68 86,690718-9101,SE8902TMVQ62559128130402
Helena Eklund Jakobsson,"Nystigen 4, 11935 Stockholm",048-21 08 37,011029-6852,SE8902QNMM99008031804359
Eva Södergren,"Nystigen 3, 68964 Halmstad",044-44 25 80,551014-9866,SE8902PVNM34258841032637
Eva Södergren,"Nystigen 3, 68964 Halmstad",044-44 25 80,551014-9866,SE8902WINU18325188489431
Eva Södergren,"Nystigen 3, 68964 Halmstad",044-44 25 80,551014-9866,SE8902GUKI33865782482701
Linda Lundgren,"Villatorget 041, 15737 Södertälje",0125-164 64,870930-6461,SE8902HTRS03259438277897
Ida Stenström,"Storstigen 81, 66399 Växjö",08-27 53 42,721012-5659,SE8902KLCO29429723379486
Alba Eriksson,"Granvägen 7, 24618 Landskrona",0678-66 70 63,760516-9296,SE8902NBIZ83446887518068
Birgitta Johansson,"Grangatan 80, 24112 Piteå",037-65 73 77,831226-2531,SE8902LKRM96767797463197
Birgitta Johansson,"Grangatan 80, 24112 Piteå",037-65 73 77,831226-2531,SE8902ZGLL07430315277968
Lovisa Hedberg,"Skolgatan 190, 69374 Växjö",0934-29 98 87,530830-3527,SE8902SLBZ46706062219762
Lovisa Hedberg,"Skolgatan 190, 69374 Växjö",0934-29 98 87,530830-3527,SE8902FBTR73223116722714
Lovisa Hedberg,"Skolgatan 190, 69374 Växjö",0934-29 98 87,530830-3527,SE8902FTIV24633690574571
Maria Lundqvist,"Stationsgränd 01, 47429 Trelleborg",087-806 42 50,910207-5331,SE8902WSFB21589079568833
Ingrid Larsson,"Järnvägsvägen 81, 30816 Luleå",011-042 91 48,510519-9201,SE8902RTPP26534696624492
Linnea Wang,"Fabriksvägen 6, 58977 Sundsvall",08-08 94 73,720628-2324,SE8902MQQY51782698732487
Kerstin Gustafsson,"Ektorget 729, 28747 Uddevalla",056-45 80 50,550512-0229,SE8902XIPF48454762305912
Kerstin Gustafsson,"Ektorget 729, 28747 Uddevalla",056-45 80 50,550512-0229,SE8902QQEM64469622591152
Kerstin Gustafsson,"Ektorget 729, 28747 Uddevalla",056-45 80 50,550512-0229,SE8902PLBL16144667744762
Helen Jonsson-Fredriksson,"Skolgatan 39, 63141 Göteborg",055-107 34 30,741009-4614,SE8902LUGA16653984392162
Helen Jonsson-Fredriksson,"Skolgatan 39, 63141 Göteborg",055-107 34 30,741009-4614,SE8902PNRT14858483416763
Signe Eriksson-Holmberg,"Fabriksstigen 0, 24573 Karlskrona",0050-531 67,500902-1220,SE8902TNEQ21759041931830
Signe Eriksson-Holmberg,"Fabriksstigen 0, 24573 Karlskrona",0050-531 67,500902-1220,SE8902UNIQ60986055961346
Signe Eriksson-Holmberg,"Fabriksstigen 0, 24573 Karlskrona",0050-531 67,500902-1220,SE8902YLUL42869164891487
Sophia Omar,"Parktorget 6, 62509 Varberg",040-699 07 37,681114-4002,SE8902LYFI88654386046994
Maria Högberg,"Ekvägen 4, 25743 Alingsås",060-43 08 06,750416-7920,SE8902JBML23966854830022
Maria Högberg,"Ekvägen 4, 25743 Alingsås",060-43 08 06,750416-7920,SE8902MDNR23654048962365
Jessica Martinsson,"Ekgatan 999, 46727 Kristianstad",066-84 44 80,820322-8260,SE8902XYWW06047880682425
Suzanne Adolfsson,"Stationsgatan 910, 69122 Norrköping",08-36 27 23,041020-5371,SE8902YFUG89397049014204
Signe Andersson Hellström,"Järnvägsgatan 21, 90057 Halmstad",0882-338 66,011109-1492,SE8902TQXV74190163701650
Elisabet Persson,"Ängsgränd 50, 60635 Borås",08-091 58 99,550718-8943,SE8902QSEX48124440213093
Elisabet Persson,"Ängsgränd 50, 60635 Borås",08-091 58 99,550718-8943,SE8902CRKA97370313824795
Karin Norén,"Idrottsgatan 573, 35213 Uddevalla",0383-94 33 70,011116-3267,SE8902QVDX07065136908695
Karin Norén,"Idrottsgatan 573, 35213 Uddevalla",0383-94 33 70,011116-3267,SE8902LLGR94243337164385
Karin Norén,"Idrottsgatan 573, 35213 Uddevalla",0383-94 33 70,011116-3267,SE8902XIIY68366812613028
Ingrid Johansson Lundberg,"Parktorget 48, 66253 Uddevalla",0440-240 76,770429-7501,SE8902XUYH86436254539837
Felicia Johansson,"Bäckgränd 79, 35784 Västerås",019-91 86 14,541020-7657,SE8902TCCK48879115025867
Karin Lundqvist,"Björkgatan 19, 69858 Örnsköldsvik",047-618 29 58,020711-6625,SE8902HLML76292022524770
Frida Karlsson,"Granvägen 9, 36607 Umeå",0440-131 74,790105-4275,SE8902GKEP38370221536247
Irene Lundin,"Industrigatan 4, 85664 Växjö",005-050 70 46,790907-6270,SE8902UZBS49516417731818
Margareta Jansson,"Skolvägen 78, 71474 Eskilstuna",08-92 71 57,380321-3721,SE8902OOLM49343686376830
Birgitta Bohlin,"Kvarngatan 224, 31260 Trelleborg",08-582 97 43,880321-5667,SE8902SVQW25123995841385
Cecilia Andersson,"Åkervägen 36, 92200 Uddevalla",082-80 51 76,940925-9703,SE8902JDXF35466571430209
Jenny Sundqvist,"Järnvägsvägen 7, 57441 Östersund",0238-157 38,750425-2219,SE8902LHUA50734331657544
Jenny Sundqvist,"Järnvägsvägen 7, 57441 Östersund",0238-157 38,750425-2219,SE8902UIXL22740523863004
Jenny Sundqvist,"Järnvägsvägen 7, 57441 Östersund",0238-157 38,750425-2219,SE8902NNNA87679319218094
Jenny Sundqvist,"Järnvägsvägen 7, 57441 Östersund",0238-157 38,750425-2219,SE8902MKGL15508437601995
Gunilla Ismail,"Ringgränd 04, 45573 Stockholm",0621-779 46,391223-1101,SE8902VMHX62709096665480
Helena Eliasson,"Skolvägen 659, 69925 Lidingö",011-55 30 06,691224-2689,SE8902MKFC17006139746737
Helena Eliasson,"Skolvägen 659, 69925 Lidingö",011-55 30 06,691224-2689,SE8902FADN38705986955694
Charlotte Johansson,"Parkstigen 555, 33240 Karlstad",08-971 42 20,530116-4132,SE8902AHVW14609154839055
Elisabeth Svensson Johansson,"Skolgatan 4, 86812 Malmö",08-124 61 70,770714-3595,SE8902IOUR73096302679146
Olivia Malm,"Genvägen 3, 18922 Växjö",08-695 917 36,531001-9541,SE8902NILS51480673047457
Klara Eriksson,"Parkstigen 5, 94172 Ängelholm",0293-787 94,710824-0206,SE8902VEMX25234923276716
Klara Eriksson,"Parkstigen 5, 94172 Ängelholm",0293-787 94,710824-0206,SE8902IPMR06918676283049
Carina Karlsson,"Kyrkvägen 644, 84490 Landskrona",08-050 705 96,760925-9945,SE8902ETCY90517906060184
Josefine Nilsson,"Furutorget 956, 18239 Uppsala",0992-61 03 25,720302-4638,SE8902PQAY31420284375015
Annie Lundgren,"Åkergatan 6, 11961 Örebro",066-759 64 70,710630-2347,SE8902ZRZI47417483372579
Annie Lundgren,"Åkergatan 6, 11961 Örebro",066-759 64 70,710630-2347,SE8902TCIS05326189768955
Zahra Olsson-Eriksson,"Skolgatan 39, 90651 Umeå",007-39 39 98,000121-2265,SE8902FHHP30665400671103
Joline Gren,"Nygatan 919, 69667 Sundsvall",070-369 32 94,930305-9506,SE8902SUFL84984390436207
Joline Gren,"Nygatan 919, 69667 Sundsvall",070-369 32 94,930305-9506,SE8902FBRS06307972224493
Rose-Marie Westerberg-Landström,"Kyrkogatan 479, 64519 Jönköping",08-244 942 01,500523-1906,SE8902UTKC76119475507073
Marie Johannesson-Högberg,"Parkgatan 598, 49344 Helsingborg",084-60 24 59,901114-1687,SE8902ZPHS02086856755015
Marie Johannesson-Högberg,"Parkgatan 598, 49344 Helsingborg",084-60 24 59,901114-1687,SE8902PVDU32397262267370
Ingegerd Hansson-Pettersson,"Industristigen 20, 62721 Göteborg",028-76 20 61,010111-4825,SE8902BWOT03489901672599
Ingegerd Hansson-Pettersson,"Industristigen 20, 62721 Göteborg",028-76 20 61,010111-4825,SE8902ASFC38684084271407
Ingegerd Hansson-Pettersson,"Industristigen 20, 62721 Göteborg",028-76 20 61,010111-4825,SE8902ASTS23624054451805
Margaretha Nielsen,"Kyrkogränd 07, 18553 Skövde",046-41 31 50,860116-5080,SE8902CUNN22125220865735
Margaretha Nielsen,"Kyrkogränd 07, 18553 Skövde",046-41 31 50,860116-5080,SE8902RZVW68005461246316
Margareta Sandström,"Furuvägen 3, 59407 Södertälje",063-25 43 05,661005-6548,SE8902RPRH48981618994827
Margareta Sandström,"Furuvägen 3, 59407 Södertälje",063-25 43 05,661005-6548,SE8902WYUG92028275995927
Margareta Sandström,"Furuvägen 3, 59407 Södertälje",063-25 43 05,661005-6548,SE8902LCFU45262185232485
Caroline Mohamed Johansson,"Kvarnstigen 28, 89507 Helsingborg",0281-99 05 64,501225-9973,SE8902YRJE25577068372391
Caroline Mohamed Johansson,"Kvarnstigen 28, 89507 Helsingborg",0281-99 05 64,501225-9973,SE8902ZQSR31963404580039
Caroline Mohamed Johansson,"Kvarnstigen 28, 89507 Helsingborg",0281-99 05 64,501225-9973,SE8902SJVO55654185313291
Mary Ahlström,"Skogsstigen 6, 10993 Malmö",048-62 36 62,630220-1436,SE8902PZCI77761871178523
Mary Ahlström,"Skogsstigen 6, 10993 Malmö",048-62 36 62,630220-1436,SE8902TDQR72645888062798
Anna Olsson-Johansson,"Parktorget 6, 28398 Kristianstad",032-06 18 21,580816-4684,SE8902NNNO44225102810397
Birgitta Brandt,"Bäckgatan 988, 18653 Karlskoga",029-715 53 42,691125-3695,SE8902AAOA59642017060227
Moa Fredriksson-Bäck,"Björkgatan 8, 58714 Malmö",078-149 42 91,871118-1928,SE8902YSLL26649994554341
Marie Edström,"Kyrkvägen 7, 21342 Halmstad",08-13 64 98,800426-6428,SE8902GBGP44172108348620
Jane Ek,"Åkergatan 9, 35419 Karlskrona",035-27 23 92,870720-1813,SE8902AJSV94182461717656
Jane Ek,"Åkergatan 9, 35419 Karlskrona",035-27 23 92,870720-1813,SE8902IKUU90169881819014
Maria Blom,"Björkvägen 7, 81265 Stockholm",08-760 82 96,991106-3973,SE8902ZDZF35824709915348
Maria Blom,"Björkvägen 7, 81265 Stockholm",08-760 82 96,991106-3973,SE8902PFYI37989903515742
Maria Blom,"Björkvägen 7, 81265 Stockholm",08-760 82 96,991106-3973,SE8902VABD28433519743158
Pernilla Engström,"Nyvägen 5, 57859 Lidingö",0044-704 77,560513-7834,SE8902LNMM65005427787530
Pernilla Engström,"Nyvägen 5, 57859 Lidingö",0044-704 77,560513-7834,SE8902TVXK53170573534289
Marie Isaksson,"Industristigen 239, 91185 Ängelholm",058-395 57 42,770716-1829,SE8902UUTG33531545423098
Marie Isaksson,"Industristigen 239, 91185 Ängelholm",058-395 57 42,770716-1829,SE8902TGSS63115928762234
Marie Isaksson,"Industristigen 239, 91185 Ängelholm",058-395 57 42,770716-1829,SE8902ENZW25848870664611
Marie Isaksson,"Industristigen 239, 91185 Ängelholm",058-395 57 42,770716-1829,SE8902KVOL90407760349687
Pia Sjöstedt,"Backstigen 518, 84815 Växjö",092-547 54 87,630711-4477,SE8902TXWD68698852887733
Pia Sjöstedt,"Backstigen 518, 84815 Växjö",092-547 54 87,630711-4477,SE8902YWZE35031868738690
Elisabet Falk,"Storvägen 0, 63947 Norrköping",019-348 79 71,581122-2255,SE8902GBSN65881879746261
Johanna Isaksson,"Strandvägen 5, 84091 Lidingö",032-596 13 40,580504-0457,SE8902TGDM09742731733206
Carina Hedman,"Industrigatan 982, 52783 Malmö",080-36 41 28,380415-5368,SE8902RUPP97970833512919
Karolina Karlsson-Backman,"Gentorget 5, 30659 Karlstad",0215-992 60,430221-9953,SE8902FITK67729451632648
Karolina Karlsson-Backman,"Gentorget 5, 30659 Karlstad",0215-992 60,430221-9953,SE8902YARE38911515845364
Lisa Hassan,"Bäckgränd 4, 29666 Jönköping",034-35 16 16,750620-1875,SE8902ZEJN42200086959831
Johanna Rydén-Ericson,"Strandgränd 813, 39744 Landskrona",076-92 29 75,510619-2601,SE8902RLXE45562764852432
Kerstin Persson,"Ringgatan 475, 12585 Helsingborg",08-726 50 50,780628-1619,SE8902XZAS22158117574887
Kerstin Persson,"Ringgatan 475, 12585 Helsingborg",08-726 50 50,780628-1619,SE8902ARJI52424267786590
Filippa Hallberg,"Nygatan 513, 22695 Örebro",08-05 42 91,460327-4996,SE8902PZDL59107473276443
Filippa Hallberg,"Nygatan 513, 22695 Örebro",08-05 42 91,460327-4996,SE8902PEZC68306534625963
Maj Hammar,"Furuvägen 576, 49096 Västerås",08-987 29 10,380222-3051,SE8902PDPB59162046614533
Maj Hammar,"Furuvägen 576, 49096 Västerås",08-987 29 10,380222-3051,SE8902GYOM68592348894619
Kristina Andreasson Larsson,"Industrivägen 8, 86480 Norrköping",08-54 44 24,381123-2937,SE8902ZBRA01455414601958
Klara Robertsson,"Ängstorget 866, 51673 Sundsvall",08-960 721 45,480314-7307,SE8902FXEO42999261877496
Klara Robertsson,"Ängstorget 866, 51673 Sundsvall",08-960 721 45,480314-7307,SE8902YFAI41572077231677
Klara Robertsson,"Ängstorget 866, 51673 Sundsvall",08-960 721 45,480314-7307,SE8902VUUX56420531096812
Jenny Vikström,"Industrigränd 99, 58953 Uppsala",069-387 67 60,851104-3807,SE8902TEYP63912424658963
Ebba Svanberg,"Industrigatan 129, 55528 Trollhättan",08-12 56 20,720217-9342,SE8902JPEZ29549435970218
